<?xml version="1.0" encoding="utf-8"?>
<resources>
	<color name="global_text_primary">#222</color>
	<color name="global_text_secondary">#888</color>
	<color name="global_text_primary_inverse">#fff</color>
	<color name="global_text_secondary_inverse">#aaa</color>
	<color name="global_text_accent">#33b5e5</color>

	<color name="global_bg_back">#eee</color>
	<color name="global_bg_front">#fff</color>
	<color name="global_bg_dialog">#f5f5f5</color>
	<color name="global_bg_back_inverse">#111</color>
	<color name="global_bg_front_inverse">#222</color>
	<color name="global_bg_dialog_inverse">#282828</color>

	<color name="ab_title_text">#222</color>
	<color name="ab_subtitle_text">#222</color>
	<color name="ab_button_text">#222</color>
	<color name="ab_popup_text">#222</color>
	<color name="ab_popup_divider">#ddd</color>
	<color name="ab_dropdown_text">#222</color>
	<color name="ab_dropdown_selected_text">#222</color>
	<color name="ab_tab_text">#222</color>
	<color name="ab_item_bg_pressed">#cc33b5e5</color>

	<color name="view_listview_divider">#ddd</color>
	<color name="view_listview_cache_color_hint">#ddd</color>
	<color name="view_listview_item_bg_normal">#fff</color>
	<color name="view_listview_item_bg_pressed">#ddd</color>
	<color name="view_listview_item_bg_focused">#ccc</color>
	<color name="view_listview_item_bg_selected">#ccc</color>
</resources>
